code,numero,nom,prenom,date_naissance,classe,notes
AAD004,LIHGFR0,Diallo,Nourou,02/01/2012,6emeA,"{'Math': {'devoirs': [14.0, 15.0], '\nexamen': 10.0, 'moyenne': 11.5}, 'Francais': {'devoirs': [12.0, 13.0], '\nexamen': 13.0, 'moyenne': 12.83}, 'Anglais': {'devoirs': [15.0, 16.0], '\nexamen': 17.0, 'moyenne': 16.5}, 'PC': {'devoirs': [14.0, 13.0], '\nexamen': 7.0, 'moyenne': 9.17}, 'SVT': {'devoirs': [15.0, 19.0], '\nexamen': 10.0, 'moyenne': 12.33}, 'HG': {'devoirs': [13.0, 12.0], '\nexamen': 15.0, 'moyenne': 14.17}}"
AAD005,40DKG6T,Diallo,awa,21/10/2004,6emeA,"{'PC': {'devoirs': [17.0, 20.0, 18.0], '\nexamen': 15.0, 'moyenne': 16.11}, 'Math': {'devoirs': [15.0, 16.15, 13.0], '\nexamen': 17.0, 'moyenne': 16.24}, 'Francais': {'devoirs': [11.0], '\nexamen': 13.0, 'moyenne': 12.33}, 'Anglais': {'devoirs': [14.0], '\nexamen': 13.0, 'moyenne': 13.33}, 'SVT': {'devoirs': [13.0, 11.0, 15.0, 11.0], '\nexamen': 12.0, 'moyenne': 12.17}, 'HG': {'devoirs': [15.0], '\nexamen': 13.0, 'moyenne': 13.67}}"
AAD005,44DSW78,Ndiaye,Sidy,19/01/2005,4emeB,"{'PC': {'devoirs': [7.0, 10.0, 9.0], '\nexamen': 10.0, 'moyenne': 9.56}, 'Math': {'devoirs': [11.0, 10.0, 12.0], '\nexamen': 10.0, 'moyenne': 10.33}, 'Francais': {'devoirs': [14.0], '\nexamen': 15.0, 'moyenne': 14.67}, 'Anglais': {'devoirs': [14.0], '\nexamen': 14.0, 'moyenne': 14.0}, 'SVT': {'devoirs': [14.0, 12.0, 10.0], '\nexamen': 10.0, 'moyenne': 10.67}, 'HG': {'devoirs': [14.0], '\nexamen': 14.0, 'moyenne': 14.0}}"
AAD005,20LH7BG,FAYE,Fallou,19/04/2002,4emeA,"{'PC': {'devoirs': [8.0, 13.0, 11.0], '\nexamen': 12.0, 'moyenne': 11.56}, 'Math': {'devoirs': [10.0, 10.1, 11.0], '\nexamen': 10.0, 'moyenne': 10.12}, 'Francais': {'devoirs': [12.0], '\nexamen': 13.0, 'moyenne': 12.67}, 'Anglais': {'devoirs': [10.0], '\nexamen': 11.0, 'moyenne': 10.67}, 'SVT': {'devoirs': [12.0, 15.0, 10.0, 9.0], '\nexamen': 10.0, 'moyenne': 10.5}, 'HG': {'devoirs': [8.0], '\nexamen': 10.0, 'moyenne': 9.33}}"
AAD005,8D805GT,Diop,Seyni,29/09/2005,3emeA,"{'Math': {'devoirs': [10.0, 11.0], '\nexamen': 15.0, 'moyenne': 13.5}, 'Francais': {'devoirs': [7.0, 12.0, 8.0], '\nexamen': 13.0, 'moyenne': 11.67}, 'Anglais': {'devoirs': [13.5, 9.0], '\nexamen': 15.0, 'moyenne': 13.75}, 'PC': {'devoirs': [11.0], '\nexamen': 9.0, 'moyenne': 9.67}, 'SVT': {'devoirs': [12.0, 9.0, 16.0, 11.0], '\nexamen': 12.0, 'moyenne': 12.0}, 'HG': {'devoirs': [10.0], '\nexamen': 13.0, 'moyenne': 12.0}}"
AAD005,9HBW36T,Ba,Aliou,01/01/2006,5emeA,"{'Math': {'devoirs': [15.0, 16.0], '\nexamen': 15.0, 'moyenne': 15.17}, 'Francais': {'devoirs': [10.0, 11.0, 10.0], '\nexamen': 9.0, 'moyenne': 9.44}, 'Anglais': {'devoirs': [14.12, 13.0], '\nexamen': 15.0, 'moyenne': 14.52}, 'PC': {'devoirs': [15.0], '\nexamen': 15.0, 'moyenne': 15.0}, 'SVT': {'devoirs': [12.0, 10.0, 17.0, 13.0], '\nexamen': 12.0, 'moyenne': 12.33}, 'HG': {'devoirs': [17.0], '\nexamen': 14.0, 'moyenne': 15.0}}"
AAD005,W8NNJ6T,Ndoye,Ousmane,09/04/2004,5emeB,"{'Math': {'devoirs': [20.0, 18.0], '\nexamen': 18.0, 'moyenne': 18.33}, 'Francais': {'devoirs': [12.0, 14.0, 14.0], '\nexamen': 13.0, 'moyenne': 13.11}, 'Anglais': {'devoirs': [15.16, 16.0], '\nexamen': 14.0, 'moyenne': 14.53}, 'PC': {'devoirs': [17.0], '\nexamen': 18.0, 'moyenne': 17.67}, 'SVT': {'devoirs': [14.0, 15.0, 15.0, 16.0], '\nexamen': 14.0, 'moyenne': 14.33}, 'HG': {'devoirs': [13.0], '\nexamen': 16.0, 'moyenne': 15.0}}"
AAD005,23YLTXT,Baal,Thierno,22/01/2006,3emeA,"{'PC': {'devoirs': [13.0, 11.0], '\nexamen': 13.0, 'moyenne': 12.67}, 'Math': {'devoirs': [12.0, 14.0, 15.0], '\nexamen': 8.0, 'moyenne': 9.89}, 'Francais': {'devoirs': [11.0], '\nexamen': 11.0, 'moyenne': 11.0}, 'Anglais': {'devoirs': [12.0], '\nexamen': 14.0, 'moyenne': 13.33}, 'SVT': {'devoirs': [12.0, 12.0, 10.0], '\nexamen': 10.0, 'moyenne': 10.44}, 'HG': {'devoirs': [8.0], '\nexamen': 10.0, 'moyenne': 9.33}}"
AAD005,48DKG8T,Baal,Boubou,26/04/2003,4emeB,"{'PC': {'devoirs': [17.0, 11.0, 8.0], '\nexamen': 11.0, 'moyenne': 11.33}, 'Math': {'devoirs': [12.0, 10.0, 11.0], '\nexamen': 15.0, 'moyenne': 13.67}, 'Francais': {'devoirs': [12.0], '\nexamen': 16.0, 'moyenne': 14.67}, 'Anglais': {'devoirs': [12.0], '\nexamen': 12.0, 'moyenne': 12.0}, 'SVT': {'devoirs': [13.0, 15.0, 11.0], '\nexamen': 14.0, 'moyenne': 13.67}, 'HG': {'devoirs': [12.0], '\nexamen': 17.0, 'moyenne': 15.33}}"
AAD005,Q7XVP6G,Seck,Bineta,12/02/2005,3emeA,"{'PC': {'devoirs': [14.0, 8.0], '\nexamen': 16.0, 'moyenne': 14.33}, 'Math': {'devoirs': [12.0, 16.0, 11.0], '\nexamen': 12.0, 'moyenne': 12.33}, 'Francais': {'devoirs': [13.0], '\nexamen': 16.0, 'moyenne': 15.0}, 'Anglais': {'devoirs': [10.0], '\nexamen': 10.0, 'moyenne': 10.0}, 'SVT': {'devoirs': [13.0, 13.0, 12.0], '\nexamen': 8.0, 'moyenne': 9.56}, 'HG': {'devoirs': [10.0], '\nexamen': 9.0, 'moyenne': 9.33}}"
AAD005,M67KQV7,Correa,Albert,26/12/2003,6emeA,"{'PC': {'devoirs': [11.0, 10.0, 9.0], '\nexamen': 10.0, 'moyenne': 10.0}, 'Math': {'devoirs': [11.0, 10.0, 12.0], '\nexamen': 10.0, 'moyenne': 10.33}, 'Francais': {'devoirs': [10.0], '\nexamen': 9.0, 'moyenne': 9.33}, 'Anglais': {'devoirs': [12.0], '\nexamen': 111.0, 'moyenne': 78.0}, 'SVT': {'devoirs': [10.0, 12.0, 8.0], '\nexamen': 12.0, 'moyenne': 11.33}, 'HG': {'devoirs': [11.0], '\nexamen': 13.0, 'moyenne': 12.33}}"
AAD007,H18AC4W,BA,Mouhamed,14/01/2005,6emeA,"{'Math': {'devoirs': [10.0, 11.0], '\nexamen': 15.0, 'moyenne': 13.5}, 'Francais': {'devoirs': [7.0, 12.0, 8.0], '\nexamen': 13.0, 'moyenne': 11.67}, 'Anglais': {'devoirs': [13.5, 9.0], '\nexamen': 15.0, 'moyenne': 13.75}, 'PC': {'devoirs': [11.0], '\nexamen': 9.0, 'moyenne': 9.67}, 'SVT': {'devoirs': [12.0, 9.0, 16.0, 11.0], '\nexamen': 12.0, 'moyenne': 12.0}, 'HG': {'devoirs': [10.0], '\nexamen': 13.0, 'moyenne': 12.0}}"
AAD007,EPJHQQ5,DIAW,Fallou,12/08/2006,3emeB,"{'PC': {'devoirs': [11.0], '\nexamen': 9.0, 'moyenne': 9.67}, 'Math': {'devoirs': [12.0, 14.5, 11.0], '\nexamen': 13.0, 'moyenne': 12.83}, 'Francais': {'devoirs': [14.0, 12.0], '\nexamen': 13.0, 'moyenne': 13.0}, 'Anglais': {'devoirs': [12.8], '\nexamen': 15.0, 'moyenne': 14.27}, 'SVT': {'devoirs': [10.0, 9.0, 16.0, 13.0], '\nexamen': 12.0, 'moyenne': 12.0}, 'HG': {'devoirs': [10.0], '\nexamen': 16.0, 'moyenne': 14.0}}"
AAD007,KM729R9,NDIAYE,Marie,19/02/2007,3emeA,"{'PC': {'devoirs': [11.0], '\nexamen': 9.0, 'moyenne': 9.67}, 'Math': {'devoirs': [12.0, 14.5, 11.0], '\nexamen': 13.0, 'moyenne': 12.83}, 'Francais': {'devoirs': [4.0, 11.0], '\nexamen': 13.0, 'moyenne': 11.17}, 'Anglais': {'devoirs': [13.8], '\nexamen': 15.0, 'moyenne': 14.6}, 'SVT': {'devoirs': [12.0, 9.0, 16.0, 11.0], '\nexamen': 12.0, 'moyenne': 12.0}, 'HG': {'devoirs': [11.0], '\nexamen': 13.0, 'moyenne': 12.33}}"
AAD007,Q7U2XFP,DEME,Abdou,16/01/2004,4emeA,"{'Math': {'devoirs': [10.0, 14.5, 11.0, 13.0], '\nexamen': 16.0, 'moyenne': 14.71}, 'PC': {'devoirs': [11.0], '\nexamen': 9.0, 'moyenne': 9.67}, 'Francais': {'devoirs': [4.0, 11.0], '\nexamen': 13.0, 'moyenne': 11.17}, 'SVT': {'devoirs': [12.0, 9.0, 16.0, 11.0], '\nexamen': 12.0, 'moyenne': 12.0}, 'HG': {'devoirs': [10.0], '\nexamen': 13.0, 'moyenne': 12.0}, 'Anglais': {'devoirs': [13.5], '\nexamen': 15.0, 'moyenne': 14.5}}"
AAD007,0747PMJ,Ndao,Baye Ndiaga,08/08/2008,5emeB,"{'SVT': {'devoirs': [13.0, 9.0, 11.0], '\nexamen': 14.0, 'moyenne': 13.0}, 'HG': {'devoirs': [10.0], '\nexamen': 13.0, 'moyenne': 12.0}, 'Math': {'devoirs': [12.0, 14.5, 11.0], '\nexamen': 13.0, 'moyenne': 12.83}, 'Francais': {'devoirs': [8.0, 11.0], '\nexamen': 13.0, 'moyenne': 11.83}, 'Anglais': {'devoirs': [13.5], '\nexamen': 15.0, 'moyenne': 14.5}, 'PC': {'devoirs': [13.0, 11.0], '\nexamen': 9.0, 'moyenne': 10.0}}"
AAD007,18G9C4L,DIEYE,Abdoulaye,01/01/2002,6emeB,"{'PC': {'devoirs': [11.0], '\nexamen': 9.0, 'moyenne': 9.67}, 'Math': {'devoirs': [12.0, 14.5, 11.0], '\nexamen': 13.0, 'moyenne': 12.83}, 'Francais': {'devoirs': [4.0, 11.0], '\nexamen': 13.0, 'moyenne': 11.17}, 'Anglais': {'devoirs': [13.8], '\nexamen': 15.0, 'moyenne': 14.6}, 'SVT': {'devoirs': [12.0, 9.0, 16.0, 11.0], '\nexamen': 12.0, 'moyenne': 12.0}, 'HG': {'devoirs': [11.0], '\nexamen': 13.0, 'moyenne': 12.33}}"
AAD007,UQI7FN8,Cyrille,Keys,07/11/2007,4emeA,"{'Math': {'devoirs': [9.0, 10.5, 11.0, 13.0], '\nexamen': 16.0, 'moyenne': 14.29}, 'PC': {'devoirs': [12.0], '\nexamen': 19.0, 'moyenne': 16.67}, 'Francais': {'devoirs': [10.0, 11.0], '\nexamen': 13.0, 'moyenne': 12.17}, 'SVT': {'devoirs': [15.0, 9.0, 16.0, 11.0], '\nexamen': 12.0, 'moyenne': 12.25}, 'HG': {'devoirs': [13.0], '\nexamen': 13.0, 'moyenne': 13.0}, 'Anglais': {'devoirs': [13.12], '\nexamen': 15.0, 'moyenne': 14.37}}"
AAD007,9H37AKZ,LOW,Joakim,20/12/2002,4emeA,"{'PC': {'devoirs': [11.0], '\nexamen': 9.0, 'moyenne': 9.67}, 'Math': {'devoirs': [12.0, 14.5, 11.0], '\nexamen': 13.0, 'moyenne': 12.83}, 'Francais': {'devoirs': [14.0, 12.0], '\nexamen': 13.0, 'moyenne': 13.0}, 'Anglais': {'devoirs': [12.8], '\nexamen': 15.0, 'moyenne': 14.27}, 'SVT': {'devoirs': [10.0, 9.0, 16.0, 13.0], '\nexamen': 12.0, 'moyenne': 12.0}, 'HG': {'devoirs': [10.0], '\nexamen': 16.0, 'moyenne': 14.0}}"
AAD007,6691DTO,Ndour,Karin,07/07/2003,5emeB,"{'SVT': {'devoirs': [15.0, 11.0, 11.0], '\nexamen': 12.0, 'moyenne': 12.11}, 'HG': {'devoirs': [6.0], '\nexamen': 16.0, 'moyenne': 12.67}, 'Math': {'devoirs': [10.0, 14.9, 11.0], '\nexamen': 17.0, 'moyenne': 15.32}, 'Francais': {'devoirs': [8.0, 13.0], '\nexamen': 13.0, 'moyenne': 12.17}, 'Anglais': {'devoirs': [18.5], '\nexamen': 15.0, 'moyenne': 16.17}, 'PC': {'devoirs': [7.0, 11.0], '\nexamen': 9.0, 'moyenne': 9.0}}"
AAD007,8YM0304,KIBINDA,Iniess,15/08/2005,6emeA,"{'Math': {'devoirs': [10.0, 11.0], '\nexamen': 15.0, 'moyenne': 13.5}, 'Francais': {'devoirs': [7.0, 9.0, 8.0], '\nexamen': 13.0, 'moyenne': 11.33}, 'Anglais': {'devoirs': [10.5, 9.0], '\nexamen': 15.0, 'moyenne': 13.25}, 'PC': {'devoirs': [10.0], '\nexamen': 11.0, 'moyenne': 10.67}, 'SVT': {'devoirs': [12.0, 11.0, 16.0, 8.0], '\nexamen': 12.0, 'moyenne': 11.92}, 'HG': {'devoirs': [10.0], '\nexamen': 10.0, 'moyenne': 10.0}}"
ABD009,345ERTH,Abdou,Wade,31/12/2007,6emeD,"{'Math': {'devoirs': [12.0, 4.0], '\nexamen': 15.0, 'moyenne': 12.67}, 'Francais': {'devoirs': [10.0, 17.0, 18.0], '\nexamen': 10.0, 'moyenne': 11.67}, 'Anglais': {'devoirs': [10.9, 9.0], '\nexamen': 15.0, 'moyenne': 13.32}, 'PC': {'devoirs': [0.0], '\nexamen': 11.0, 'moyenne': 7.33}, 'SVT': {'devoirs': [10.0, 20.0, 16.0, 10.0], '\nexamen': 9.0, 'moyenne': 10.67}, 'HG': {'devoirs': [9.0], '\nexamen': 10.0, 'moyenne': 9.67}}"
ABD009,SDFTY34,Senir,Mbol,24/02/2015,4emeB,"{'Math': {'devoirs': [1.0, 5.0], '\nexamen': 8.0, 'moyenne': 6.33}, 'Francais': {'devoirs': [10.0, 9.0, 18.0], '\nexamen': 10.0, 'moyenne': 10.78}, 'Anglais': {'devoirs': [10.9, 9.0], '\nexamen': 15.0, 'moyenne': 13.32}, 'PC': {'devoirs': [17.0], '\nexamen': 11.0, 'moyenne': 13.0}, 'SVT': {'devoirs': [10.0, 20.0, 16.0, 10.0], '\nexamen': 9.0, 'moyenne': 10.67}, 'HG': {'devoirs': [6.0], '\nexamen': 10.0, 'moyenne': 8.67}}"
ABD009,ZRDFD4S,Ndiareme,Sylla,03/09/2005,3emeA,"{'Math': {'devoirs': [1.0, 4.0], '\nexamen': 15.0, 'moyenne': 10.83}, 'Francais': {'devoirs': [0.0, 19.0, 8.0], '\nexamen': 10.0, 'moyenne': 9.67}, 'Anglais': {'devoirs': [2.19, 1.0], '\nexamen': 5.0, 'moyenne': 3.87}, 'PC': {'devoirs': [10.0], '\nexamen': 11.0, 'moyenne': 10.67}, 'SVT': {'devoirs': [10.0, 20.0, 16.0, 10.0], '\nexamen': 9.0, 'moyenne': 10.67}, 'HG': {'devoirs': [9.0], '\nexamen': 1.0, 'moyenne': 3.67}}"
ABD009,DFGE67T,Mbor,Tounkho,17/10/2001,5emeB,"{'Math': {'devoirs': [10.0, 4.0], '\nexamen': 5.0, 'moyenne': 5.67}, 'Francais': {'devoirs': [12.0, 19.0, 18.0], '\nexamen': 10.0, 'moyenne': 12.11}, 'Anglais': {'devoirs': [10.9, 9.0], '\nexamen': 4.0, 'moyenne': 5.98}, 'PC': {'devoirs': [10.0], '\nexamen': 11.0, 'moyenne': 10.67}, 'SVT': {'devoirs': [10.0, 10.0, 8.0, 10.0], '\nexamen': 9.0, 'moyenne': 9.17}, 'HG': {'devoirs': [9.0], '\nexamen': 17.0, 'moyenne': 14.33}}"
ABD009,23453RD,yéré,Niani,05/11/2012,3emeD,"{'Math': {'devoirs': [18.0, 4.0], '\nexamen': 8.0, 'moyenne': 9.0}, 'Francais': {'devoirs': [10.0, 9.0, 18.0], '\nexamen': 12.0, 'moyenne': 12.11}, 'Anglais': {'devoirs': [10.9, 9.0], '\nexamen': 3.0, 'moyenne': 5.32}, 'PC': {'devoirs': [10.0], '\nexamen': 11.0, 'moyenne': 10.67}, 'SVT': {'devoirs': [10.0, 6.0, 16.0, 10.0], '\nexamen': 9.0, 'moyenne': 9.5}, 'HG': {'devoirs': [19.0], '\nexamen': 10.0, 'moyenne': 13.0}}"
ABD009,56GFSE6,Awa,Samaké,30/09/2005,5emeB,"{'Math': {'devoirs': [1.0, 4.0], '\nexamen': 7.0, 'moyenne': 5.5}, 'Francais': {'devoirs': [1.0, 9.0, 18.0], '\nexamen': 10.0, 'moyenne': 9.78}, 'Anglais': {'devoirs': [10.9, 9.0], '\nexamen': 9.0, 'moyenne': 9.32}, 'PC': {'devoirs': [10.0], '\nexamen': 11.0, 'moyenne': 10.67}, 'SVT': {'devoirs': [10.0, 20.0, 16.0, 10.0], '\nexamen': 9.0, 'moyenne': 10.67}, 'HG': {'devoirs': [9.0], '\nexamen': 10.0, 'moyenne': 9.67}}"
AFD006,2022HEC,SYLLA,Gallas,02/03/2000,6emeA,"{'Math': {'devoirs': [9.0, 15.0], '\nexamen': 19.0, 'moyenne': 16.67}, 'Français': {'devoirs': [10.0, 12.0], '\nexamen': 13.0, 'moyenne': 12.33}, 'Anglais': {'devoirs': [18.0, 14.0], '\nexamen': 19.0, 'moyenne': 18.0}, 'PC': {'devoirs': [9.0, 10.0], '\nexamen': 12.0, 'moyenne': 11.17}, 'SVT': {'devoirs': [3.0, 11.0], '\nexamen': 16.0, 'moyenne': 13.0}, 'HG': {'devoirs': [12.0], '\nexamen': 14.0, 'moyenne': 13.33}}"
AFD006,2017ERT,MANTANE,Elisabeth,03/04/1996,4emeA,"{'Math': {'devoirs': [10.0, 11.0], '\nexamen': 15.0, 'moyenne': 13.5}, 'Francais': {'devoirs': [7.0, 12.0, 8.0], '\nexamen': 13.0, 'moyenne': 11.67}, 'Anglais': {'devoirs': [13.5, 9.0], '\nexamen': 15.0, 'moyenne': 13.75}, 'PC': {'devoirs': [11.0], '\nexamen': 9.0, 'moyenne': 9.67}, 'SVT': {'devoirs': [12.0, 9.0, 16.0, 11.0], '\nexamen': 12.0, 'moyenne': 12.0}, 'HG': {'devoirs': [10.0], '\nexamen': 13.0, 'moyenne': 12.0}}"
AFD006,2014TGR,MENDY,Marcelin,12/11/1992,6emeA,"{'Math': {'devoirs': [4.0, 3.0], '\nexamen': 5.0, 'moyenne': 4.5}, 'Francais': {'devoirs': [15.0, 16.0], '\nexamen': 14.0, 'moyenne': 14.5}, 'Anglais': {'devoirs': [15.0, 16.0], '\nexamen': 17.0, 'moyenne': 16.5}, 'PC': {'devoirs': [4.0, 3.0], '\nexamen': 7.0, 'moyenne': 5.83}, 'SVT': {'devoirs': [12.0, 9.0], '\nexamen': 10.0, 'moyenne': 10.17}, 'HG': {'devoirs': [16.0, 15.0], '\nexamen': 17.0, 'moyenne': 16.5}}"
AFD006,2020DFH,NDIAYE,Fatah,23/08/2000,4emeB,"{'PC': {'devoirs': [11.0], '\nexamen': 9.0, 'moyenne': 9.67}, 'Math': {'devoirs': [12.0, 14.5, 11.0], '\nexamen': 13.0, 'moyenne': 12.83}, 'Francais': {'devoirs': [14.0, 12.0], '\nexamen': 13.0, 'moyenne': 13.0}, 'Anglais': {'devoirs': [12.8], '\nexamen': 15.0, 'moyenne': 14.27}, 'SVT': {'devoirs': [10.0, 9.0, 16.0, 13.0], '\nexamen': 12.0, 'moyenne': 12.0}, 'HG': {'devoirs': [10.0], '\nexamen': 16.0, 'moyenne': 14.0}}"
AFD006,2019R3M,MOHAMED,Ben Omar,30/03/1999,3emeC,"{'Math': {'devoirs': [12.0, 16.0, 18.0], '\nexamen': 19.0, 'moyenne': 17.78}, 'Françcais': {'devoirs': [15.0], '\nexamen': 17.0, 'moyenne': 16.33}, 'Anglais': {'devoirs': [10.0, 11.0], '\nexamen': 9.0, 'moyenne': 9.5}, 'PC': {'devoirs': [15.0, 17.0, 13.0], '\nexamen': 17.0, 'moyenne': 16.33}, 'SVT': {'devoirs': [16.0, 16.0], '\nexamen': 14.0, 'moyenne': 14.67}, 'HG': {'devoirs': [15.0], '\nexamen': 17.0, 'moyenne': 16.33}}"
AKH014,2020UT6,SIHARAJ,SORPHAKA,11/09/2002,6emeB,"{'Math': {'devoirs': [14.0, 12.0], '\nexamen': 15.0, 'moyenne': 14.33}, 'Francais': {'devoirs': [18.0, 6.0], '\nexamen': 14.0, 'moyenne': 13.33}, 'Anglais': {'devoirs': [15.0, 12.0], '\nexamen': 12.0, 'moyenne': 12.5}, 'PC': {'devoirs': [18.0, 13.0], '\nexamen': 7.0, 'moyenne': 9.83}, 'SVT': {'devoirs': [11.0, 19.0], '\nexamen': 12.0, 'moyenne': 13.0}, 'HG': {'devoirs': [13.0, 15.0], '\nexamen': 12.0, 'moyenne': 12.67}}"
AKH014,2021IJ3,LEFRANC,LYDIE,04/06/2001,4emeB,"{'Math': {'devoirs': [4.0, 3.0], '\nexamen': 5.0, 'moyenne': 4.5}, 'Francais': {'devoirs': [15.0, 16.0], '\nexamen': 14.0, 'moyenne': 14.5}, 'Anglais': {'devoirs': [15.0, 16.0], '\nexamen': 17.0, 'moyenne': 16.5}, 'PC': {'devoirs': [4.0, 3.0], '\nexamen': 7.0, 'moyenne': 5.83}, 'SVT': {'devoirs': [12.0, 9.0], '\nexamen': 10.0, 'moyenne': 10.17}, 'HG': {'devoirs': [16.0, 15.0], '\nexamen': 17.0, 'moyenne': 16.5}}"
AKH014,PO0023R,DUPASQUIER,ERIC,02/09/1990,3emeC,"{'Math': {'devoirs': [20.0, 18.0], '\nexamen': 18.0, 'moyenne': 18.33}, 'Francais': {'devoirs': [12.0, 14.0, 14.0], '\nexamen': 13.0, 'moyenne': 13.11}, 'Anglais': {'devoirs': [15.16, 16.0], '\nexamen': 14.0, 'moyenne': 14.53}, 'PC': {'devoirs': [17.0], '\nexamen': 18.0, 'moyenne': 17.67}, 'SVT': {'devoirs': [14.0, 15.0, 15.0, 16.0], '\nexamen': 14.0, 'moyenne': 14.33}, 'HG': {'devoirs': [13.0], '\nexamen': 16.0, 'moyenne': 15.0}}"
AKH014,1992I0E,MAHMOUD,ABDERRAHMAN,12/12/1999,4emeA,"{'Math': {'devoirs': [10.0, 11.0], '\nexamen': 15.0, 'moyenne': 13.5}, 'Francais': {'devoirs': [7.0, 12.0, 8.0], '\nexamen': 13.0, 'moyenne': 11.67}, 'Anglais': {'devoirs': [13.5, 9.0], '\nexamen': 15.0, 'moyenne': 13.75}, 'PC': {'devoirs': [11.0], '\nexamen': 9.0, 'moyenne': 9.67}, 'SVT': {'devoirs': [12.0, 9.0, 16.0, 11.0], '\nexamen': 12.0, 'moyenne': 12.0}, 'HG': {'devoirs': [10.0], '\nexamen': 13.0, 'moyenne': 12.0}}"
AKH014,20L6TRA,MIMOUNI,MIMOUNI,12/07/1997,6emeA,"{'Math': {'devoirs': [4.0, 3.0], '\nexamen': 5.0, 'moyenne': 4.5}, 'Francais': {'devoirs': [15.0, 16.0], '\nexamen': 14.0, 'moyenne': 14.5}, 'Anglais': {'devoirs': [15.0, 16.0], '\nexamen': 17.0, 'moyenne': 16.5}, 'PC': {'devoirs': [4.0, 3.0], '\nexamen': 7.0, 'moyenne': 5.83}, 'SVT': {'devoirs': [12.0, 9.0], '\nexamen': 10.0, 'moyenne': 10.17}, 'HG': {'devoirs': [16.0, 15.0], '\nexamen': 17.0, 'moyenne': 16.5}}"
AKH014,54FR342,Kamou,LAYE,04/03/2020,5emeC,"{'Math': {'devoirs': [4.0, 3.0], '\nexamen': 5.0, 'moyenne': 4.5}, 'Francais': {'devoirs': [15.0, 16.0], '\nexamen': 14.0, 'moyenne': 14.5}, 'Anglais': {'devoirs': [15.0, 16.0], '\nexamen': 17.0, 'moyenne': 16.5}, 'PC': {'devoirs': [4.0, 3.0], '\nexamen': 7.0, 'moyenne': 5.83}, 'SVT': {'devoirs': [12.0, 9.0], '\nexamen': 10.0, 'moyenne': 10.17}, 'HG': {'devoirs': [16.0, 15.0], '\nexamen': 17.0, 'moyenne': 16.5}}"
AKH014,8987BHT,MBAYE,IBOU,03/01/2000,3emeD,"{'SVT': {'devoirs': [12.0, 18.0], '\nexamen': 16.0, 'moyenne': 15.67}, 'PC': {'devoirs': [13.0, 16.0], '\nexamen': 19.0, 'moyenne': 17.5}, 'Francais': {'devoirs': [24.0, 15.0], '\nexamen': 12.0, 'moyenne': 14.5}, 'Anglais': {'devoirs': [17.0, 19.0], '\nexamen': 11.0, 'moyenne': 13.33}, 'HG': {'devoirs': [0.0, 7.0], '\nexamen': 2.0, 'moyenne': 2.5}, 'Math': {'devoirs': [11.0, 13.0], '\nexamen': 14.0, 'moyenne': 13.33}}"
ALT020,CIDIE01,CISSE,Diégane,02/05/1932,5emeA,"{'MATH': {'devoirs': [15.0, 17.0], '\nexamen': 20.0, 'moyenne': 18.67}, 'SVT': {'devoirs': [11.0, 13.0], '\nexamen': 10.0, 'moyenne': 10.67}, 'PC': {'devoirs': [15.0, 12.0], '\nexamen': 15.0, 'moyenne': 14.5}, 'ANGLAIS': {'devoirs': [5.0, 12.0], '\nexamen': 15.0, 'moyenne': 12.83}, 'FRANCAIS': {'devoirs': [6.0, 11.0], '\nexamen': 9.0, 'moyenne': 8.83}, 'HG': {'devoirs': [1.0, 15.0], '\nexamen': 18.0, 'moyenne': 14.67}}"
ALT020,MN45LD5,SENGHOR,Mbegane,12/05/1968,4emeA,"{'MATH': {'devoirs': [19.0, 4.0], '\nexamen': 8.0, 'moyenne': 9.17}, 'SVT': {'devoirs': [12.0, 5.0], '\nexamen': 16.0, 'moyenne': 13.5}, 'PC': {'devoirs': [7.0, 13.0], '\nexamen': 9.0, 'moyenne': 9.33}, 'ANGLAIS': {'devoirs': [13.0, 17.0], '\nexamen': 14.0, 'moyenne': 14.33}, 'FRANCAIS': {'devoirs': [19.0, 17.0], '\nexamen': 11.0, 'moyenne': 13.33}, 'HG': {'devoirs': [15.0, 11.0], '\nexamen': 12.0, 'moyenne': 12.33}}"
ALT020,KF578FG,MARA,Souma,17/11/1921,3emeA,"{'MATH': {'devoirs': [11.0, 14.0], '\nexamen': 16.0, 'moyenne': 14.83}, 'SVT': {'devoirs': [7.0, 16.0], '\nexamen': 20.0, 'moyenne': 17.17}, 'PC': {'devoirs': [14.0, 12.0], '\nexamen': 17.0, 'moyenne': 15.67}, 'ANGLAIS': {'devoirs': [11.0, 6.0], '\nexamen': 15.0, 'moyenne': 12.83}, 'FRANCAIS': {'devoirs': [16.0, 11.0], '\nexamen': 9.0, 'moyenne': 10.5}, 'HG': {'devoirs': [8.0, 16.0], '\nexamen': 10.0, 'moyenne': 10.67}}"
ALT020,VF14HGZ,TAMBEDOU,NiouKH,18/12/1999,4emeB,"{'MATH': {'devoirs': [10.0, 12.0], '\nexamen': 11.0, 'moyenne': 11.0}, 'SVT': {'devoirs': [5.0, 7.0], '\nexamen': 11.0, 'moyenne': 9.33}, 'PC': {'devoirs': [15.0, 5.0], '\nexamen': 9.0, 'moyenne': 9.33}, 'ANGLAIS': {'devoirs': [11.0, 16.0], '\nexamen': 15.0, 'moyenne': 14.5}, 'FRANCAIS': {'devoirs': [16.0, 11.0], '\nexamen': 19.0, 'moyenne': 17.17}, 'HG': {'devoirs': [11.0, 10.0], '\nexamen': 18.0, 'moyenne': 15.5}}"
ALT020,RTOP15K,SARR,Mbissine,01/12/1996,5emeB,"{'MATH': {'devoirs': [16.0, 16.0], '\nexamen': 15.0, 'moyenne': 15.33}, 'SVT': {'devoirs': [10.0, 13.0], '\nexamen': 16.0, 'moyenne': 14.5}, 'PC': {'devoirs': [10.0, 14.0], '\nexamen': 18.0, 'moyenne': 16.0}, 'ANGLAIS': {'devoirs': [15.0, 14.0], '\nexamen': 15.0, 'moyenne': 14.83}, 'FRANCAIS': {'devoirs': [11.0, 11.0], '\nexamen': 16.0, 'moyenne': 14.33}, 'HG': {'devoirs': [19.0, 16.0], '\nexamen': 12.0, 'moyenne': 13.83}}"
ALT020,HGKE145,DEME,Ndew,15/02/1956,6emeB,"{'MATH': {'devoirs': [15.0, 15.0], '\nexamen': 16.0, 'moyenne': 15.67}, 'SVT': {'devoirs': [17.0, 14.0], '\nexamen': 15.0, 'moyenne': 15.17}, 'PC': {'devoirs': [19.0, 12.0], '\nexamen': 14.0, 'moyenne': 14.5}, 'ANGLAIS': {'devoirs': [12.0, 10.0], '\nexamen': 11.0, 'moyenne': 11.0}, 'FRANCAIS': {'devoirs': [16.0, 13.0], '\nexamen': 14.0, 'moyenne': 14.17}, 'HG': {'devoirs': [13.0, 12.0], '\nexamen': 14.0, 'moyenne': 13.5}}"
ALT020,54BFH54,KOITA,Fatou,15/11/1978,4emeB,"{'MATH': {'devoirs': [14.0, 17.0], '\nexamen': 16.0, 'moyenne': 15.83}, 'SVT': {'devoirs': [15.0, 19.0], '\nexamen': 13.0, 'moyenne': 14.33}, 'PC': {'devoirs': [15.0, 16.0], '\nexamen': 19.0, 'moyenne': 17.83}, 'ANGLAIS': {'devoirs': [13.0, 19.0], '\nexamen': 16.0, 'moyenne': 16.0}, 'FRANCAIS': {'devoirs': [10.0, 11.0], '\nexamen': 11.0, 'moyenne': 10.83}, 'HG': {'devoirs': [13.0, 14.0], '\nexamen': 11.0, 'moyenne': 11.83}}"
ALT020,DF85FUJ,LABOU,Pon,17/06/2002,5emeA,"{'MATH': {'devoirs': [15.0, 17.0], '\nexamen': 20.0, 'moyenne': 18.67}, 'SVT': {'devoirs': [11.0, 9.0], '\nexamen': 13.0, 'moyenne': 12.0}, 'PC': {'devoirs': [18.0, 17.0], '\nexamen': 5.0, 'moyenne': 9.17}, 'ANGLAIS': {'devoirs': [15.0, 12.0], '\nexamen': 15.0, 'moyenne': 14.5}, 'FRANCAIS': {'devoirs': [16.0, 11.0], '\nexamen': 19.0, 'moyenne': 17.17}, 'HG': {'devoirs': [11.0, 15.0], '\nexamen': 18.0, 'moyenne': 16.33}}"
AMD013,E7812Z3,DIOP,ALY,12/04/1998,5emeA,"{'Math': {'devoirs': [14.0, 12.0, 10.0], '\nexamen': 12.0, 'moyenne': 12.0}, 'PC': {'devoirs': [12.0, 9.0], '\nexamen': 12.0, 'moyenne': 11.5}, 'Francais': {'devoirs': [14.0], '\nexamen': 15.0, 'moyenne': 14.67}, 'SVT': {'devoirs': [16.0], '\nexamen': 17.0, 'moyenne': 16.67}, 'HG': {'devoirs': [12.0, 16.0], '\nexamen': 14.0, 'moyenne': 14.0}, 'Anglais': {'devoirs': [13.0, 10.0], '\nexamen': 11.0, 'moyenne': 11.17}}"
AMD013,Z781263,FAYE,FATOU,12/04/1997,6emeB,"{'Math': {'devoirs': [13.0, 12.0], '\nexamen': 13.0, 'moyenne': 12.83}, 'PC': {'devoirs': [10.0, 9.0], '\nexamen': 19.0, 'moyenne': 15.83}, 'Francais': {'devoirs': [4.0], '\nexamen': 10.0, 'moyenne': 8.0}, 'SVT': {'devoirs': [12.0, 19.0], '\nexamen': 7.0, 'moyenne': 9.83}, 'HG': {'devoirs': [12.0, 10.0], '\nexamen': 14.0, 'moyenne': 13.0}, 'Anglais': {'devoirs': [3.0, 13.0], '\nexamen': 15.0, 'moyenne': 12.67}}"
AMD013,Z7812Z5,DIOUM,ALIOUNE,12/12/2011,3emeB,"{'PC': {'devoirs': [11.0], '\nexamen': 9.0, 'moyenne': 9.67}, 'Math': {'devoirs': [12.0, 14.5, 11.0], '\nexamen': 13.0, 'moyenne': 12.83}, 'Francais': {'devoirs': [4.0, 11.0], '\nexamen': 13.0, 'moyenne': 11.17}, 'Anglais': {'devoirs': [13.8], '\nexamen': 15.0, 'moyenne': 14.6}, 'SVT': {'devoirs': [12.0, 9.0, 16.0, 11.0], '\nexamen': 12.0, 'moyenne': 12.0}, 'HG': {'devoirs': [11.0], '\nexamen': 13.0, 'moyenne': 12.33}}"
AMD013,Z7812Z9,NDIAYE,MOUSSA,12/03/1999,3emeA,"{'Math': {'devoirs': [10.0, 11.0], '\nexamen': 15.0, 'moyenne': 13.5}, 'Francais': {'devoirs': [7.0, 9.0, 8.0], '\nexamen': 13.0, 'moyenne': 11.33}, 'Anglais': {'devoirs': [10.5, 9.0], '\nexamen': 15.0, 'moyenne': 13.25}, 'PC': {'devoirs': [10.0], '\nexamen': 11.0, 'moyenne': 10.67}, 'SVT': {'devoirs': [12.0, 11.0, 16.0, 8.0], '\nexamen': 12.0, 'moyenne': 11.92}, 'HG': {'devoirs': [10.0], '\nexamen': 10.0, 'moyenne': 10.0}}"
AMD013,Z7852Z3,FALL,MOUSTAPHA,09/09/2012,6emeB,"{'Math': {'devoirs': [10.0, 11.0], '\nexamen': 15.0, 'moyenne': 13.5}, 'Francais': {'devoirs': [7.0, 9.0, 8.0], '\nexamen': 13.0, 'moyenne': 11.33}, 'Anglais': {'devoirs': [10.5, 9.0], '\nexamen': 15.0, 'moyenne': 13.25}, 'PC': {'devoirs': [10.0], '\nexamen': 11.0, 'moyenne': 10.67}, 'SVT': {'devoirs': [12.0, 11.0, 16.0, 8.0], '\nexamen': 12.0, 'moyenne': 11.92}, 'HG': {'devoirs': [10.0], '\nexamen': 10.0, 'moyenne': 10.0}}"
AMD013,Z7812Z7,MBAYE,IDRISSA,15/05/2011,4emeA,"{'SVT': {'devoirs': [15.0, 11.0, 11.0], '\nexamen': 12.0, 'moyenne': 12.11}, 'HG': {'devoirs': [6.0, 14.0], '\nexamen': 16.0, 'moyenne': 14.0}, 'Math': {'devoirs': [10.0, 12.19, 11.0], '\nexamen': 16.0, 'moyenne': 14.35}, 'Francais': {'devoirs': [18.0, 11.0], '\nexamen': 15.0, 'moyenne': 14.83}, 'Anglais': {'devoirs': [8.15], '\nexamen': 15.0, 'moyenne': 12.72}, 'PC': {'devoirs': [7.0, 11.0, 9.0], '\nexamen': 9.0, 'moyenne': 9.0}}"
AMD013,Z7312Z3,TINE,SEYDOU,03/09/2000,5emeA,"{'Math': {'devoirs': [10.0, 11.0], '\nexamen': 15.0, 'moyenne': 13.5}, 'Francais': {'devoirs': [7.0, 12.0, 8.0], '\nexamen': 13.0, 'moyenne': 11.67}, 'Anglais': {'devoirs': [13.5, 9.0], '\nexamen': 15.0, 'moyenne': 13.75}, 'PC': {'devoirs': [11.0], '\nexamen': 9.0, 'moyenne': 9.67}, 'SVT': {'devoirs': [12.0, 9.0, 16.0, 11.0], '\nexamen': 12.0, 'moyenne': 12.0}, 'HG': {'devoirs': [10.0], '\nexamen': 13.0, 'moyenne': 12.0}}"
AMD013,Z7832Z3,SANE,MOUSSA,29/12/2001,5emeA,"{'Math': {'devoirs': [11.0, 11.0], '\nexamen': 12.0, 'moyenne': 11.67}, 'PC': {'devoirs': [11.0, 11.0], '\nexamen': 12.0, 'moyenne': 11.67}, 'ANGLAIS': {'devoirs': [10.0, 14.0], '\nexamen': 15.0, 'moyenne': 14.0}, 'SVT': {'devoirs': [11.0, 1.0], '\nexamen': 14.0, 'moyenne': 11.33}, 'HG': {'devoirs': [11.0, 13.0], '\nexamen': 14.0, 'moyenne': 13.33}, 'Francais': {'devoirs': [11.0, 15.0], '\nexamen': 12.0, 'moyenne': 12.33}}"
AMD013,Z8812Z3,TOURE,OUMAR,29/11/2001,5emeB,"{'Math': {'devoirs': [9.0, 10.5, 10.0, 13.0], '\nexamen': 12.0, 'moyenne': 11.54}, 'PC': {'devoirs': [12.0], '\nexamen': 19.0, 'moyenne': 16.67}, 'Francais': {'devoirs': [10.0, 11.0], '\nexamen': 13.0, 'moyenne': 12.17}, 'SVT': {'devoirs': [15.0, 9.0, 16.0, 11.0], '\nexamen': 12.0, 'moyenne': 12.25}, 'HG': {'devoirs': [13.0], '\nexamen': 13.0, 'moyenne': 13.0}, 'Anglais': {'devoirs': [11.12], '\nexamen': 15.0, 'moyenne': 13.71}}"
AMG015,SONA001,FAYE,FATOU,12/04/1993,6emeA,"{'Math': {'devoirs': [4.0, 3.0], '\nexamen': 5.0, 'moyenne': 4.5}, 'Francais': {'devoirs': [15.0, 16.0], '\nexamen': 14.0, 'moyenne': 14.5}, 'Anglais': {'devoirs': [15.0, 16.0], '\nexamen': 17.0, 'moyenne': 16.5}, 'PC': {'devoirs': [4.0, 3.0], '\nexamen': 7.0, 'moyenne': 5.83}, 'SVT': {'devoirs': [12.0, 9.0], '\nexamen': 10.0, 'moyenne': 10.17}, 'HG': {'devoirs': [16.0, 15.0], '\nexamen': 17.0, 'moyenne': 16.5}}"
AMG015,SONA002,GAYE,THIERNO,14/02/1992,6emeB,"{'Math': {'devoirs': [4.0, 3.0], '\nexamen': 5.0, 'moyenne': 4.5}, 'Francais': {'devoirs': [15.0, 16.0], '\nexamen': 14.0, 'moyenne': 14.5}, 'Anglais': {'devoirs': [15.0, 16.0], '\nexamen': 17.0, 'moyenne': 16.5}, 'PC': {'devoirs': [4.0, 3.0], '\nexamen': 7.0, 'moyenne': 5.83}, 'SVT': {'devoirs': [12.0, 9.0], '\nexamen': 10.0, 'moyenne': 10.17}, 'HG': {'devoirs': [16.0, 15.0], '\nexamen': 17.0, 'moyenne': 16.5}}"
AMG015,SONA003,DIOP,YOUSSOU,12/06/1994,5emeA,"{'Math': {'devoirs': [4.0, 3.0], '\nexamen': 5.0, 'moyenne': 4.5}, 'Francais': {'devoirs': [15.0, 16.0], '\nexamen': 14.0, 'moyenne': 14.5}, 'Anglais': {'devoirs': [15.0, 16.0], '\nexamen': 17.0, 'moyenne': 16.5}, 'PC': {'devoirs': [4.0, 3.0], '\nexamen': 7.0, 'moyenne': 5.83}, 'SVT': {'devoirs': [12.0, 9.0], '\nexamen': 10.0, 'moyenne': 10.17}, 'HG': {'devoirs': [16.0, 15.0], '\nexamen': 17.0, 'moyenne': 16.5}}"
AMG015,SONA004,WAGNE,PETIT,12/07/1995,5emeB,"{'Math': {'devoirs': [4.0, 3.0], '\nexamen': 5.0, 'moyenne': 4.5}, 'Francais': {'devoirs': [15.0, 16.0], '\nexamen': 14.0, 'moyenne': 14.5}, 'Anglais': {'devoirs': [15.0, 16.0], '\nexamen': 17.0, 'moyenne': 16.5}, 'PC': {'devoirs': [4.0, 3.0], '\nexamen': 7.0, 'moyenne': 5.83}, 'SVT': {'devoirs': [12.0, 9.0], '\nexamen': 10.0, 'moyenne': 10.17}, 'HG': {'devoirs': [16.0, 15.0], '\nexamen': 17.0, 'moyenne': 16.5}}"
AMG015,SONA005,CISSE,GALAYE,04/03/1995,4emeA,"{'Math': {'devoirs': [4.0, 3.0], '\nexamen': 5.0, 'moyenne': 4.5}, 'Francais': {'devoirs': [15.0, 16.0], '\nexamen': 14.0, 'moyenne': 14.5}, 'Anglais': {'devoirs': [15.0, 16.0], '\nexamen': 17.0, 'moyenne': 16.5}, 'PC': {'devoirs': [4.0, 3.0], '\nexamen': 7.0, 'moyenne': 5.83}, 'SVT': {'devoirs': [12.0, 9.0], '\nexamen': 10.0, 'moyenne': 10.17}, 'HG': {'devoirs': [16.0, 15.0], '\nexamen': 17.0, 'moyenne': 16.5}}"
AMG015,SONA006,GOMIS,PATA,01/06/1997,4emeB,"{'Math': {'devoirs': [4.0, 3.0], '\nexamen': 5.0, 'moyenne': 4.5}, 'Francais': {'devoirs': [15.0, 16.0], '\nexamen': 14.0, 'moyenne': 14.5}, 'Anglais': {'devoirs': [15.0, 16.0], '\nexamen': 17.0, 'moyenne': 16.5}, 'PC': {'devoirs': [4.0, 3.0], '\nexamen': 7.0, 'moyenne': 5.83}, 'SVT': {'devoirs': [12.0, 9.0], '\nexamen': 10.0, 'moyenne': 10.17}, 'HG': {'devoirs': [16.0, 15.0], '\nexamen': 17.0, 'moyenne': 16.5}}"
AMG015,SONA007,SANE,BALLA,09/09/1999,3emeA,"{'Math': {'devoirs': [4.0, 3.0], '\nexamen': 5.0, 'moyenne': 4.5}, 'Francais': {'devoirs': [15.0, 16.0], '\nexamen': 14.0, 'moyenne': 14.5}, 'Anglais': {'devoirs': [15.0, 16.0], '\nexamen': 17.0, 'moyenne': 16.5}, 'PC': {'devoirs': [4.0, 3.0], '\nexamen': 7.0, 'moyenne': 5.83}, 'SVT': {'devoirs': [12.0, 9.0], '\nexamen': 10.0, 'moyenne': 10.17}, 'HG': {'devoirs': [16.0, 15.0], '\nexamen': 17.0, 'moyenne': 16.5}}"
AMG015,SONA008,SAGNA,SADIO,06/06/1999,3emeB,"{'Math': {'devoirs': [4.0, 3.0], '\nexamen': 5.0, 'moyenne': 4.5}, 'Francais': {'devoirs': [15.0, 16.0], '\nexamen': 14.0, 'moyenne': 14.5}, 'Anglais': {'devoirs': [15.0, 16.0], '\nexamen': 17.0, 'moyenne': 16.5}, 'PC': {'devoirs': [4.0, 3.0], '\nexamen': 7.0, 'moyenne': 5.83}, 'SVT': {'devoirs': [12.0, 9.0], '\nexamen': 10.0, 'moyenne': 10.17}, 'HG': {'devoirs': [16.0, 15.0], '\nexamen': 17.0, 'moyenne': 16.5}}"
AMG015,SONA009,NIANG,MAREME,12/12/1996,6emeA,"{'Math': {'devoirs': [4.0, 3.0], '\nexamen': 5.0, 'moyenne': 4.5}, 'Francais': {'devoirs': [15.0, 16.0], '\nexamen': 14.0, 'moyenne': 14.5}, 'Anglais': {'devoirs': [15.0, 16.0], '\nexamen': 17.0, 'moyenne': 16.5}, 'PC': {'devoirs': [4.0, 3.0], '\nexamen': 7.0, 'moyenne': 5.83}, 'SVT': {'devoirs': [12.0, 9.0], '\nexamen': 10.0, 'moyenne': 10.17}, 'HG': {'devoirs': [16.0, 15.0], '\nexamen': 17.0, 'moyenne': 16.5}}"
AMK016,A7723ML,Kane,Moussa,29/12/2001,6emeA,"{'Math': {'devoirs': [14.0, 12.0, 10.0], '\nexamen': 12.0, 'moyenne': 12.0}, 'PC': {'devoirs': [12.0, 9.0], '\nexamen': 12.0, 'moyenne': 11.5}, 'Francais': {'devoirs': [14.0], '\nexamen': 15.0, 'moyenne': 14.67}, 'SVT': {'devoirs': [16.0], '\nexamen': 17.0, 'moyenne': 16.67}, 'HG': {'devoirs': [12.0, 16.0], '\nexamen': 14.0, 'moyenne': 14.0}, 'Anglais': {'devoirs': [13.0, 10.0], '\nexamen': 11.0, 'moyenne': 11.17}}"
AMK016,Z7812Z3,Konimba,Mousona,12/12/2009,3emeB,"{'Math': {'devoirs': [12.0, 10.0], '\nexamen': 19.0, 'moyenne': 16.33}, 'PC': {'devoirs': [12.0], '\nexamen': 12.0, 'moyenne': 12.0}, 'Francais': {'devoirs': [14.0, 15.0, 12.0], '\nexamen': 19.0, 'moyenne': 17.22}, 'SVT': {'devoirs': [16.0, 18.0], '\nexamen': 17.0, 'moyenne': 17.0}, 'HG': {'devoirs': [18.0], '\nexamen': 14.0, 'moyenne': 15.33}, 'Anglais': {'devoirs': [18.0], '\nexamen': 11.0, 'moyenne': 13.33}}"
AMK016,M770231,Ilimani,Mustapha,12/04/1997,3emeB,"{'Math': {'devoirs': [10.0, 12.0], '\nexamen': 12.0, 'moyenne': 11.67}, 'PC': {'devoirs': [13.0, 19.0], '\nexamen': 10.0, 'moyenne': 12.0}, 'Francais': {'devoirs': [19.0, 12.0], '\nexamen': 10.0, 'moyenne': 11.83}, 'SVT': {'devoirs': [11.0, 16.0], '\nexamen': 17.0, 'moyenne': 15.83}, 'HG': {'devoirs': [11.0, 13.0], '\nexamen': 19.0, 'moyenne': 16.67}, 'Anglais': {'devoirs': [11.0, 19.0], '\nexamen': 18.0, 'moyenne': 17.0}}"
AMK016,JH23GH3,Loum,Mamadou,12/12/2011,3emeA,"{'Math': {'devoirs': [13.0, 12.0], '\nexamen': 13.0, 'moyenne': 12.83}, 'PC': {'devoirs': [10.0, 9.0], '\nexamen': 19.0, 'moyenne': 15.83}, 'Francais': {'devoirs': [4.0], '\nexamen': 10.0, 'moyenne': 8.0}, 'SVT': {'devoirs': [12.0, 19.0], '\nexamen': 7.0, 'moyenne': 9.83}, 'HG': {'devoirs': [12.0, 10.0], '\nexamen': 14.0, 'moyenne': 13.0}, 'Anglais': {'devoirs': [3.0, 13.0], '\nexamen': 15.0, 'moyenne': 12.67}}"
AMK016,SX34AZ2,Gaye,Souleyni,12/03/1999,6emeB,"{'Math': {'devoirs': [10.0, 19.0, 10.0], '\nexamen': 10.0, 'moyenne': 11.0}, 'PC': {'devoirs': [10.0, 9.0], '\nexamen': 10.0, 'moyenne': 9.83}, 'Francais': {'devoirs': [10.0], '\nexamen': 13.0, 'moyenne': 12.0}, 'SVT': {'devoirs': [16.0, 10.0], '\nexamen': 17.0, 'moyenne': 15.67}, 'HG': {'devoirs': [2.0, 16.0], '\nexamen': 13.0, 'moyenne': 11.67}, 'Anglais': {'devoirs': [10.0, 11.0], '\nexamen': 12.0, 'moyenne': 11.5}}"
AMK016,E9D45JJ,Hann,Cheikh,09/09/2012,3emeA,"{'Math': {'devoirs': [13.0, 11.0], '\nexamen': 13.0, 'moyenne': 12.67}, 'PC': {'devoirs': [13.0, 19.0], '\nexamen': 14.0, 'moyenne': 14.67}, 'Francais': {'devoirs': [12.0, 14.0], '\nexamen': 14.0, 'moyenne': 13.67}, 'SVT': {'devoirs': [15.0, 19.0], '\nexamen': 15.0, 'moyenne': 15.67}, 'HG': {'devoirs': [10.0, 18.0], '\nexamen': 13.0, 'moyenne': 13.33}, 'Anglais': {'devoirs': [11.0, 12.0, 11.0], '\nexamen': 20.0, 'moyenne': 17.11}}"
AMK016,HIE938J,Kane,Aliou,15/05/2011,6emeB,"{'Math': {'devoirs': [20.0, 20.0, 20.0], '\nexamen': 20.0, 'moyenne': 20.0}, 'PC': {'devoirs': [20.0, 20.0], '\nexamen': 20.0, 'moyenne': 20.0}, 'Francais': {'devoirs': [14.0, 12.0], '\nexamen': 15.0, 'moyenne': 14.33}, 'SVT': {'devoirs': [19.0, 19.0], '\nexamen': 19.0, 'moyenne': 19.0}, 'HG': {'devoirs': [7.0, 1.0], '\nexamen': 10.0, 'moyenne': 8.0}, 'Anglais': {'devoirs': [6.0, 13.0], '\nexamen': 13.0, 'moyenne': 11.83}}"
AMK016,23JHNB2,Ngimbona,Charles,03/09/2000,3emeB,"{'Math': {'devoirs': [11.0, 10.0, 9.0], '\nexamen': 11.0, 'moyenne': 10.67}, 'PC': {'devoirs': [11.0, 11.0, 9.0], '\nexamen': 11.0, 'moyenne': 10.78}, 'Francais': {'devoirs': [18.0, 19.0, 19.0], '\nexamen': 17.0, 'moyenne': 17.56}, 'SVT': {'devoirs': [1.0], '\nexamen': 11.0, 'moyenne': 7.67}, 'HG': {'devoirs': [19.0], '\nexamen': 19.0, 'moyenne': 19.0}, 'Anglais': {'devoirs': [19.0, 17.0], '\nexamen': 19.0, 'moyenne': 18.67}}"
AMK016,HJ293D4,Ikouna,Mbalanga,01/01/2001,3emeA,"{'Math': {'devoirs': [13.0, 12.0, 10.0], '\nexamen': 12.0, 'moyenne': 11.89}, 'PC': {'devoirs': [12.0, 9.0], '\nexamen': 12.0, 'moyenne': 11.5}, 'Francais': {'devoirs': [14.0], '\nexamen': 15.0, 'moyenne': 14.67}, 'SVT': {'devoirs': [16.0], '\nexamen': 17.0, 'moyenne': 16.67}, 'HG': {'devoirs': [12.0, 16.0], '\nexamen': 14.0, 'moyenne': 14.0}, 'Anglais': {'devoirs': [13.0, 10.0], '\nexamen': 11.0, 'moyenne': 11.17}}"
AOD010,XSDEF12,gueye,fatou,03/04/2005,4emeB,"{'HG': {'devoirs': [12.0], '\nexamen': 11.0, 'moyenne': 11.33}, 'SVT': {'devoirs': [12.0, 10.0], '\nexamen': 8.0, 'moyenne': 9.0}, 'Francais': {'devoirs': [14.0, 11.0], '\nexamen': 4.0, 'moyenne': 6.83}, 'PC': {'devoirs': [10.0, 4.0], '\nexamen': 9.0, 'moyenne': 8.33}, 'Math': {'devoirs': [18.0], '\nexamen': 19.0, 'moyenne': 18.67}, 'Anglais': {'devoirs': [4.0, 8.0], '\nexamen': 16.0, 'moyenne': 12.67}}"
AOD010,DEGLAC4,fall,saly,06/12/2007,6emeB,"{'HG': {'devoirs': [13.0], '\nexamen': 14.0, 'moyenne': 13.67}, 'SVT': {'devoirs': [14.0, 13.0], '\nexamen': 18.0, 'moyenne': 16.5}, 'Francais': {'devoirs': [11.0, 12.0], '\nexamen': 14.0, 'moyenne': 13.17}, 'PC': {'devoirs': [12.0, 14.0], '\nexamen': 10.0, 'moyenne': 11.0}, 'Math': {'devoirs': [11.0], '\nexamen': 12.0, 'moyenne': 11.67}, 'Anglais': {'devoirs': [14.0, 18.0], '\nexamen': 1.0, 'moyenne': 6.0}}"
AOD010,DZFXML5,Lo,amy,08/03/2003,3emeA,"{'HG': {'devoirs': [13.0], '\nexamen': 14.0, 'moyenne': 13.67}, 'SVT': {'devoirs': [14.0, 13.0], '\nexamen': 18.0, 'moyenne': 16.5}, 'Francais': {'devoirs': [11.0, 12.0], '\nexamen': 14.0, 'moyenne': 13.17}, 'PC': {'devoirs': [12.0, 14.0], '\nexamen': 10.0, 'moyenne': 11.0}, 'Math': {'devoirs': [11.0], '\nexamen': 12.0, 'moyenne': 11.67}, 'Anglais': {'devoirs': [14.0, 18.0], '\nexamen': 1.0, 'moyenne': 6.0}}"
AOD010,DZLSWQ7,sambe,salif,18/03/2004,3emeA,"{'Math': {'devoirs': [14.0, 10.0], '\nexamen': 12.0, 'moyenne': 12.0}, 'PC': {'devoirs': [14.0, 19.0], '\nexamen': 12.0, 'moyenne': 13.5}, 'ANGLAIS': {'devoirs': [10.0, 14.0], '\nexamen': 15.0, 'moyenne': 14.0}, 'SVT': {'devoirs': [15.0, 16.0, 11.0], '\nexamen': 17.0, 'moyenne': 16.0}, 'HG': {'devoirs': [12.0, 16.0], '\nexamen': 14.0, 'moyenne': 14.0}, 'Francais': {'devoirs': [15.0, 14.0], '\nexamen': 18.0, 'moyenne': 16.83}}"
AOD010,JHDHRE8,sene,jeannette,20/12/2007,6emeB,"{'Math': {'devoirs': [11.0, 11.0], '\nexamen': 12.0, 'moyenne': 11.67}, 'PC': {'devoirs': [11.0, 11.0], '\nexamen': 12.0, 'moyenne': 11.67}, 'ANGLAIS': {'devoirs': [10.0, 14.0], '\nexamen': 15.0, 'moyenne': 14.0}, 'SVT': {'devoirs': [11.0, 1.0], '\nexamen': 14.0, 'moyenne': 11.33}, 'HG': {'devoirs': [11.0, 13.0], '\nexamen': 14.0, 'moyenne': 13.33}, 'Francais': {'devoirs': [11.0, 15.0], '\nexamen': 12.0, 'moyenne': 12.33}}"
AOD010,LSXNEB0,gueye,modou,03/01/2002,3emeB,"{'SVT': {'devoirs': [13.0], '\nexamen': 15.0, 'moyenne': 14.33}, 'PC': {'devoirs': [19.0], '\nexamen': 20.0, 'moyenne': 19.67}, 'Anglais': {'devoirs': [5.0, 9.0], '\nexamen': 9.0, 'moyenne': 8.33}, 'Math': {'devoirs': [18.0, 16.0], '\nexamen': 17.0, 'moyenne': 17.0}, 'HG': {'devoirs': [10.0], '\nexamen': 11.0, 'moyenne': 10.67}, 'Francais': {'devoirs': [13.12], '\nexamen': 10.0, 'moyenne': 11.04}}"
ASK017,OKYLDC8,KANE,Ousmane,07/12/2007,4emeA,"{'Math': {'devoirs': [12.0, 10.0], '\nexamen': 11.0, 'moyenne': 11.0}, 'SVT': {'devoirs': [9.0, 10.0], '\nexamen': 8.0, 'moyenne': 8.5}, 'PC': {'devoirs': [6.0, 10.0], '\nexamen': 10.0, 'moyenne': 9.33}, 'Français': {'devoirs': [15.0, 14.0], '\nexamen': 15.0, 'moyenne': 14.83}, 'Anglais': {'devoirs': [17.0, 16.0], '\nexamen': 19.0, 'moyenne': 18.17}}"
ASK017,DKBLMT7,KONATE,Djiby,09/06/2010,6emeB,"{'Math': {'devoirs': [17.0], '\nexamen': 15.0, 'moyenne': 15.67}, 'HG': {'devoirs': [15.0, 10.0], '\nexamen': 14.0, 'moyenne': 13.5}, 'SVT': {'devoirs': [14.0, 15.0], '\nexamen': 12.0, 'moyenne': 12.83}, 'Français': {'devoirs': [14.0], '\nexamen': 15.0, 'moyenne': 14.67}, 'Anglais': {'devoirs': [19.0], '\nexamen': 17.0, 'moyenne': 17.67}}"
ASK017,CMGBDK9,MENDY,Christelle,11/10/2006,3emeB,"{'Math': {'devoirs': [14.0, 18.0], '\nexamen': 16.0, 'moyenne': 16.0}, 'PC': {'devoirs': [17.0], '\nexamen': 16.0, 'moyenne': 16.33}, 'SVT': {'devoirs': [15.0], '\nexamen': 19.0, 'moyenne': 17.67}, 'Français': {'devoirs': [11.0, 9.0], '\nexamen': 10.0, 'moyenne': 10.0}, 'HG': {'devoirs': [8.0, 5.0], '\nexamen': 12.0, 'moyenne': 10.17}, 'Anglais': {'devoirs': [13.0], '\nexamen': 15.0, 'moyenne': 14.33}}"
ASK017,YOSADK1,OUEDRAOGO,Yankoba,15/02/2009,5emeA,"{'Math': {'devoirs': [10.0], '\nexamen': 15.0, 'moyenne': 13.33}, 'SVT': {'devoirs': [12.0, 11.0], '\nexamen': 14.0, 'moyenne': 13.17}, 'HG': {'devoirs': [13.0, 10.0], '\nexamen': 15.0, 'moyenne': 13.83}, 'Anglais': {'devoirs': [12.0], '\nexamen': 17.0, 'moyenne': 15.33}, 'Français': {'devoirs': [18.0, 14.0], '\nexamen': 16.0, 'moyenne': 16.0}}"
ASK017,SFSADK2,FALL,Salimata,02/08/2010,6emeA,"{'Math': {'devoirs': [13.0], '\nexamen': 9.0, 'moyenne': 10.33}, 'SVT': {'devoirs': [12.0, 16.0], '\nexamen': 10.0, 'moyenne': 11.33}, 'HG': {'devoirs': [17.0, 14.0], '\nexamen': 15.0, 'moyenne': 15.17}, 'Anglais': {'devoirs': [18.0], '\nexamen': 17.0, 'moyenne': 17.33}, 'Français': {'devoirs': [18.0, 15.0], '\nexamen': 17.0, 'moyenne': 16.83}}"
ASK017,MDMTDK9,DIOP,Mamy,25/09/2005,3emeA,"{'Math': {'devoirs': [9.0, 11.0, 13.0], '\nexamen': 11.0, 'moyenne': 11.0}, 'PC': {'devoirs': [13.0], '\nexamen': 10.0, 'moyenne': 11.0}, 'SVT': {'devoirs': [10.0, 15.0, 14.0], '\nexamen': 12.0, 'moyenne': 12.33}, 'Anglais': {'devoirs': [12.0], '\nexamen': 16.0, 'moyenne': 14.67}, 'Français': {'devoirs': [11.0, 13.0], '\nexamen': 11.0, 'moyenne': 11.33}}"
ASK017,MTBFCA2,TAPSOBA,Mounkoudy,08/12/2008,4emeB,"{'Anglais': {'devoirs': [12.0, 8.0], '\nexamen': 10.0, 'moyenne': 10.0}, 'Math': {'devoirs': [15.0, 18.0], '\nexamen': 20.0, 'moyenne': 18.83}, 'PC': {'devoirs': [10.0, 17.0], '\nexamen': 16.0, 'moyenne': 15.17}, 'SVT': {'devoirs': [19.0, 15.0], '\nexamen': 17.0, 'moyenne': 17.0}, 'HG': {'devoirs': [11.0, 14.0], '\nexamen': 10.0, 'moyenne': 10.83}, 'Français': {'devoirs': [6.0, 9.0], '\nexamen': 11.0, 'moyenne': 9.83}}"
ASK017,DDPADK7,DIA,Dieynaba,01/05/2008,4emeB,"{'Math': {'devoirs': [10.0, 10.0], '\nexamen': 9.0, 'moyenne': 9.33}, 'PC': {'devoirs': [12.0, 10.0], '\nexamen': 12.0, 'moyenne': 11.67}, 'SVT': {'devoirs': [5.0, 10.0], '\nexamen': 13.0, 'moyenne': 11.17}, 'Français': {'devoirs': [12.0, 16.0], '\nexamen': 14.0, 'moyenne': 14.0}, 'Anglais': {'devoirs': [14.0, 16.0], '\nexamen': 19.0, 'moyenne': 17.67}}"
ASK017,ADBMML5,DIOGOSOUMA,Aliou,03/10/2009,5emeB,"{'Français': {'devoirs': [15.0], '\nexamen': 12.0, 'moyenne': 13.0}, 'Anglais': {'devoirs': [16.0, 10.0], '\nexamen': 16.0, 'moyenne': 15.0}, 'HG': {'devoirs': [12.0], '\nexamen': 18.0, 'moyenne': 16.0}, 'SVT': {'devoirs': [17.0], '\nexamen': 15.0, 'moyenne': 15.67}, 'Math': {'devoirs': [15.0, 13.0], '\nexamen': 18.0, 'moyenne': 16.67}}"
ASK017,ABHLMY1,BAOBEY,Angelline,18/03/2006,3emeA,"{'SVT': {'devoirs': [16.0, 10.0], '\nexamen': 17.0, 'moyenne': 15.67}, 'Math': {'devoirs': [18.0, 15.0], '\nexamen': 19.0, 'moyenne': 18.17}, 'PC': {'devoirs': [17.0, 12.0], '\nexamen': 17.0, 'moyenne': 16.17}, 'Français': {'devoirs': [15.0, 13.0], '\nexamen': 16.0, 'moyenne': 15.33}, 'HG': {'devoirs': [12.0, 10.0], '\nexamen': 15.0, 'moyenne': 13.67}, 'Anglais': {'devoirs': [14.0, 18.0], '\nexamen': 15.0, 'moyenne': 15.33}}"
BAD008,AF32IBC,FALL,OUSSEYOU,03/07/2000,3emeB,"{'Math': {'devoirs': [13.0, 15.0], '\nexamen': 16.0, 'moyenne': 15.33}, 'Francais': {'devoirs': [10.0, 14.0], '\nexamen': 13.0, 'moyenne': 12.67}, 'Anglais': {'devoirs': [12.0, 9.0, 15.0], '\nexamen': 11.0, 'moyenne': 11.33}, 'PC': {'devoirs': [13.0], '\nexamen': 10.0, 'moyenne': 11.0}, 'SVT': {'devoirs': [14.0, 9.0, 12.0], '\nexamen': 13.0, 'moyenne': 12.56}, 'HG': {'devoirs': [13.0], '\nexamen': 15.0, 'moyenne': 14.33}}"
BAD008,M60GRTL,TINE,SOKHNA,25/02/2005,4emeA,"{'Math': {'devoirs': [8.0, 13.0], '\nexamen': 10.0, 'moyenne': 10.17}, 'Francais': {'devoirs': [10.0, 10.0], '\nexamen': 13.0, 'moyenne': 12.0}, 'Anglais': {'devoirs': [10.0, 11.0, 9.0], '\nexamen': 7.0, 'moyenne': 8.0}, 'PC': {'devoirs': [10.0], '\nexamen': 8.0, 'moyenne': 8.67}, 'SVT': {'devoirs': [11.0, 9.0, 10.0], '\nexamen': 13.0, 'moyenne': 12.0}, 'HG': {'devoirs': [12.0], '\nexamen': 10.0, 'moyenne': 10.67}}"
BAD008,QNXKW09,SINE,MARIEME,29/08/2008,5emeB,"{'Math': {'devoirs': [8.0, 12.0], '\nexamen': 9.0, 'moyenne': 9.33}, 'Francais': {'devoirs': [15.0, 10.0], '\nexamen': 9.0, 'moyenne': 10.17}, 'Anglais': {'devoirs': [12.0, 9.0, 12.0], '\nexamen': 7.0, 'moyenne': 8.33}, 'PC': {'devoirs': [11.0], '\nexamen': 12.0, 'moyenne': 11.67}, 'SVT': {'devoirs': [8.0, 11.0, 10.0], '\nexamen': 9.0, 'moyenne': 9.22}, 'HG': {'devoirs': [10.0], '\nexamen': 11.0, 'moyenne': 10.67}}"
BAD008,G2NXW1L,DIOUF,MOUSTAPHA,05/07/2001,4emeB,"{'Math': {'devoirs': [10.0, 14.0], '\nexamen': 12.0, 'moyenne': 12.0}, 'Francais': {'devoirs': [10.0, 12.0], '\nexamen': 12.0, 'moyenne': 11.67}, 'Anglais': {'devoirs': [9.0, 10.0], '\nexamen': 11.0, 'moyenne': 10.5}, 'PC': {'devoirs': [11.0], '\nexamen': 12.0, 'moyenne': 11.67}, 'SVT': {'devoirs': [13.0, 12.0], '\nexamen': 15.0, 'moyenne': 14.17}, 'HG': {'devoirs': [15.0], '\nexamen': 10.0, 'moyenne': 11.67}}"
BAD008,UPNCG78,KA,ALIOU,10/05/2009,3emeB,"{'Math': {'devoirs': [9.0, 10.5, 10.0, 13.0], '\nexamen': 12.0, 'moyenne': 11.54}, 'PC': {'devoirs': [12.0], '\nexamen': 19.0, 'moyenne': 16.67}, 'Francais': {'devoirs': [10.0, 11.0], '\nexamen': 13.0, 'moyenne': 12.17}, 'SVT': {'devoirs': [15.0, 9.0, 16.0, 11.0], '\nexamen': 12.0, 'moyenne': 12.25}, 'HG': {'devoirs': [13.0], '\nexamen': 13.0, 'moyenne': 13.0}, 'Anglais': {'devoirs': [11.12], '\nexamen': 15.0, 'moyenne': 13.71}}"
BAD008,WYI96BT,BA,MOUSSA,05/11/2010,6emeA,"{'Math': {'devoirs': [10.0, 12.0], '\nexamen': 15.0, 'moyenne': 13.67}, 'Francais': {'devoirs': [17.0, 9.0, 8.0], '\nexamen': 14.0, 'moyenne': 13.11}, 'Anglais': {'devoirs': [10.0, 7.0, 9.0], '\nexamen': 15.0, 'moyenne': 12.89}, 'PC': {'devoirs': [10.0], '\nexamen': 11.0, 'moyenne': 10.67}, 'SVT': {'devoirs': [12.0, 11.0, 16.0, 8.0], '\nexamen': 12.0, 'moyenne': 11.92}, 'HG': {'devoirs': [10.0], '\nexamen': 10.0, 'moyenne': 10.0}}"
BAD008,WYI96BT,DIALLO,SEYNABOU,16/02/2003,5emeB,"{'Math': {'devoirs': [8.0, 11.0], '\nexamen': 9.0, 'moyenne': 9.17}, 'Francais': {'devoirs': [12.0, 14.0], '\nexamen': 13.0, 'moyenne': 13.0}, 'Anglais': {'devoirs': [12.0, 9.0], '\nexamen': 11.0, 'moyenne': 10.83}, 'PC': {'devoirs': [16.0], '\nexamen': 12.0, 'moyenne': 13.33}, 'SVT': {'devoirs': [14.0, 9.0, 11.0], '\nexamen': 14.0, 'moyenne': 13.11}, 'HG': {'devoirs': [12.0], '\nexamen': 14.0, 'moyenne': 13.33}}"
BAD008,FRTX54U,NDIAYE,FATOU,22/07/2005,4emeA,"{'Math': {'devoirs': [12.0, 7.0], '\nexamen': 10.0, 'moyenne': 9.83}, 'Francais': {'devoirs': [13.0, 14.0], '\nexamen': 9.0, 'moyenne': 10.5}, 'Anglais': {'devoirs': [9.0, 11.0], '\nexamen': 12.0, 'moyenne': 11.33}, 'PC': {'devoirs': [15.0], '\nexamen': 12.0, 'moyenne': 13.0}, 'SVT': {'devoirs': [11.0, 10.0, 12.0], '\nexamen': 13.0, 'moyenne': 12.33}, 'HG': {'devoirs': [10.0], '\nexamen': 14.0, 'moyenne': 12.67}}"
BAD008,LJQC67L,WADE,ASTOU,12/12/2007,3emeB,"{'Math': {'devoirs': [13.0, 15.0], '\nexamen': 16.0, 'moyenne': 15.33}, 'Francais': {'devoirs': [10.0, 14.0], '\nexamen': 13.0, 'moyenne': 12.67}, 'Anglais': {'devoirs': [12.0, 9.0, 19.0], '\nexamen': 11.0, 'moyenne': 11.78}, 'PC': {'devoirs': [13.0], '\nexamen': 10.0, 'moyenne': 11.0}, 'SVT': {'devoirs': [14.0, 9.0, 12.0], '\nexamen': 13.0, 'moyenne': 12.56}, 'HG': {'devoirs': [11.0], '\nexamen': 12.0, 'moyenne': 11.67}}"
BAD008,KFPB32H,SY,ADJA,02/08/2002,6emeA,"{'Math': {'devoirs': [10.0, 11.0], '\nexamen': 15.0, 'moyenne': 13.5}, 'Francais': {'devoirs': [7.0, 9.0, 8.0], '\nexamen': 13.0, 'moyenne': 11.33}, 'Anglais': {'devoirs': [10.5, 9.0], '\nexamen': 15.0, 'moyenne': 13.25}, 'PC': {'devoirs': [10.0], '\nexamen': 11.0, 'moyenne': 10.67}, 'SVT': {'devoirs': [12.0, 11.0, 16.0, 8.0], '\nexamen': 12.0, 'moyenne': 11.92}, 'HG': {'devoirs': [10.0], '\nexamen': 10.0, 'moyenne': 10.0}}"
BAF013,GH43RTU,Ndao,Aram,16/02/2000,3emeA,"{'Math': {'devoirs': [10.0, 11.0], '\nexamen': 15.0, 'moyenne': 13.5}, 'Francais': {'devoirs': [7.0, 12.0, 8.0], '\nexamen': 13.0, 'moyenne': 11.67}, 'Anglais': {'devoirs': [13.5, 9.0], '\nexamen': 15.0, 'moyenne': 13.75}, 'PC': {'devoirs': [11.0], '\nexamen': 9.0, 'moyenne': 9.67}, 'SVT': {'devoirs': [12.0, 9.0, 16.0, 11.0], '\nexamen': 12.0, 'moyenne': 12.0}, 'HG': {'devoirs': [10.0], '\nexamen': 13.0, 'moyenne': 12.0}}"
BAF013,PLM56DS,Gomis,Pipo,16/03/1998,4emeB,"{'Math': {'devoirs': [8.0, 7.0], '\nexamen': 10.0, 'moyenne': 9.17}, 'Francais': {'devoirs': [15.0, 12.0, 9.0], '\nexamen': 14.0, 'moyenne': 13.33}, 'Anglais': {'devoirs': [13.15, 19.0], '\nexamen': 15.0, 'moyenne': 15.36}, 'PC': {'devoirs': [11.0], '\nexamen': 9.0, 'moyenne': 9.67}, 'SVT': {'devoirs': [2.0, 9.0, 16.0, 11.0], '\nexamen': 12.0, 'moyenne': 11.17}, 'HG': {'devoirs': [10.0], '\nexamen': 18.0, 'moyenne': 15.33}}"
BAF013,GF34KHS,Diouf,Ousseynou,03/12/1992,5emeA,"{'Math': {'devoirs': [18.0, 17.0], '\nexamen': 10.0, 'moyenne': 12.5}, 'Francais': {'devoirs': [5.0, 13.0, 9.0], '\nexamen': 14.0, 'moyenne': 12.33}, 'Anglais': {'devoirs': [12.5, 10.0], '\nexamen': 14.0, 'moyenne': 13.08}, 'PC': {'devoirs': [17.0], '\nexamen': 9.0, 'moyenne': 11.67}, 'SVT': {'devoirs': [12.0, 19.0, 15.0, 11.0], '\nexamen': 12.0, 'moyenne': 12.75}, 'HG': {'devoirs': [16.0], '\nexamen': 18.0, 'moyenne': 17.33}}"
BAF013,JHGF7F5,Diop,Elimane,12/01/2003,6emeA,"{'Math': {'devoirs': [9.0, 17.0], '\nexamen': 10.0, 'moyenne': 11.0}, 'Francais': {'devoirs': [12.0, 13.0, 8.0], '\nexamen': 18.0, 'moyenne': 15.67}, 'Anglais': {'devoirs': [3.5, 10.0], '\nexamen': 15.0, 'moyenne': 12.25}, 'PC': {'devoirs': [17.0], '\nexamen': 19.0, 'moyenne': 18.33}, 'SVT': {'devoirs': [12.0, 19.0, 16.0, 13.0], '\nexamen': 12.0, 'moyenne': 13.0}, 'HG': {'devoirs': [14.0], '\nexamen': 18.0, 'moyenne': 16.67}}"
BAF013,RED76BH,Cissé,Babacar,03/06/2005,3emeB,"{'Math': {'devoirs': [8.0, 7.0], '\nexamen': 10.0, 'moyenne': 9.17}, 'Francais': {'devoirs': [15.0, 12.0, 9.0], '\nexamen': 14.0, 'moyenne': 13.33}, 'Anglais': {'devoirs': [13.15, 19.0], '\nexamen': 15.0, 'moyenne': 15.36}, 'PC': {'devoirs': [11.0], '\nexamen': 9.0, 'moyenne': 9.67}, 'SVT': {'devoirs': [2.0, 9.0, 16.0, 11.0], '\nexamen': 12.0, 'moyenne': 11.17}, 'HG': {'devoirs': [10.0], '\nexamen': 18.0, 'moyenne': 15.33}}"
BAF013,GF69LBC,Ba,Abdoulaye,09/02/1992,3emeA,"{'Math': {'devoirs': [18.0, 17.0], '\nexamen': 15.0, 'moyenne': 15.83}, 'Francais': {'devoirs': [10.0, 1.0, 9.0], '\nexamen': 12.0, 'moyenne': 10.22}, 'Anglais': {'devoirs': [10.11, 18.0], '\nexamen': 15.0, 'moyenne': 14.69}, 'PC': {'devoirs': [11.0], '\nexamen': 9.0, 'moyenne': 9.67}, 'SVT': {'devoirs': [12.0, 9.0, 13.0, 11.0], '\nexamen': 12.0, 'moyenne': 11.75}, 'HG': {'devoirs': [12.0], '\nexamen': 19.0, 'moyenne': 16.67}}"
BAF013,ML09RDS,Diallo,Alioune,08/07/1993,4emeB,"{'Math': {'devoirs': [9.0, 7.0], '\nexamen': 11.0, 'moyenne': 10.0}, 'Francais': {'devoirs': [11.0, 13.0, 19.0], '\nexamen': 4.0, 'moyenne': 7.44}, 'Anglais': {'devoirs': [12.11, 10.0], '\nexamen': 15.0, 'moyenne': 13.69}, 'PC': {'devoirs': [10.0], '\nexamen': 12.0, 'moyenne': 11.33}, 'SVT': {'devoirs': [13.0, 7.0, 15.0, 16.0], '\nexamen': 2.0, 'moyenne': 5.58}, 'HG': {'devoirs': [11.0], '\nexamen': 16.0, 'moyenne': 14.33}}"
BAF013,NBV76RD,Gueye,Abdalah,01/01/1992,4emeA,"{'Math': {'devoirs': [12.0, 17.0], '\nexamen': 0.0, 'moyenne': 4.83}, 'Francais': {'devoirs': [12.0, 17.0, 12.0], '\nexamen': 15.0, 'moyenne': 14.56}, 'Anglais': {'devoirs': [13.15, 19.0], '\nexamen': 15.0, 'moyenne': 15.36}, 'PC': {'devoirs': [11.0], '\nexamen': 19.0, 'moyenne': 16.33}, 'SVT': {'devoirs': [12.0, 8.0, 12.0, 11.0], '\nexamen': 12.0, 'moyenne': 11.58}, 'HG': {'devoirs': [10.0], '\nexamen': 18.0, 'moyenne': 15.33}}"
BAF013,NB675DH,Dia,Hawa,07/07/1997,5emeB,"{'Math': {'devoirs': [15.0, 12.0], '\nexamen': 10.0, 'moyenne': 11.17}, 'Francais': {'devoirs': [13.0, 16.0, 19.0], '\nexamen': 19.0, 'moyenne': 18.0}, 'Anglais': {'devoirs': [12.13, 18.0], '\nexamen': 15.0, 'moyenne': 15.02}, 'PC': {'devoirs': [12.0], '\nexamen': 19.0, 'moyenne': 16.67}, 'SVT': {'devoirs': [2.0, 9.0, 17.0, 11.0], '\nexamen': 2.0, 'moyenne': 4.58}, 'HG': {'devoirs': [1.0], '\nexamen': 15.0, 'moyenne': 10.33}}"
BAF013,MLHF65D,Guissé,Penda,04/04/1994,3emeA,"{'Math': {'devoirs': [8.0, 7.0], '\nexamen': 10.0, 'moyenne': 9.17}, 'Francais': {'devoirs': [15.0, 12.0, 9.0], '\nexamen': 14.0, 'moyenne': 13.33}, 'Anglais': {'devoirs': [13.15, 19.0], '\nexamen': 15.0, 'moyenne': 15.36}, 'PC': {'devoirs': [11.0], '\nexamen': 9.0, 'moyenne': 9.67}, 'SVT': {'devoirs': [2.0, 9.0, 16.0, 11.0], '\nexamen': 12.0, 'moyenne': 11.17}, 'HG': {'devoirs': [10.0], '\nexamen': 18.0, 'moyenne': 15.33}}"
BMP019,IHFK34G,DIOUM,Harry,14/01/1995,5emeA,"{'SVT': {'devoirs': [12.0, 19.0, 1.0], '\nexamen': 4.0, 'moyenne': 6.22}, 'HG': {'devoirs': [15.0], '\nexamen': 11.0, 'moyenne': 12.33}, 'Math': {'devoirs': [12.0, 14.5, 11.0], '\nexamen': 13.0, 'moyenne': 12.83}, 'Francais': {'devoirs': [18.0, 11.0], '\nexamen': 10.0, 'moyenne': 11.5}, 'Anglais': {'devoirs': [17.5], '\nexamen': 15.0, 'moyenne': 15.83}, 'PC': {'devoirs': [3.0, 15.0], '\nexamen': 9.0, 'moyenne': 9.0}}"
BMP019,3FR5IJ9,DIALLO,Hermione,12/08/2006,4emeB,"{'SVT': {'devoirs': [15.0, 11.0, 11.0], '\nexamen': 12.0, 'moyenne': 12.11}, 'HG': {'devoirs': [6.0, 14.0], '\nexamen': 16.0, 'moyenne': 14.0}, 'Math': {'devoirs': [10.0, 12.19, 11.0], '\nexamen': 16.0, 'moyenne': 14.35}, 'Francais': {'devoirs': [18.0, 11.0], '\nexamen': 15.0, 'moyenne': 14.83}, 'Anglais': {'devoirs': [8.15], '\nexamen': 15.0, 'moyenne': 12.72}, 'PC': {'devoirs': [7.0, 11.0, 9.0], '\nexamen': 9.0, 'moyenne': 9.0}}"
BMP019,PM12NG7,DIOP,Marième,19/08/1997,3emeA,"{'PC': {'devoirs': [15.0, 11.0], '\nexamen': 9.0, 'moyenne': 10.33}, 'Math': {'devoirs': [12.0, 14.5, 11.0], '\nexamen': 13.0, 'moyenne': 12.83}, 'Francais': {'devoirs': [4.0, 11.0], '\nexamen': 13.0, 'moyenne': 11.17}, 'Anglais': {'devoirs': [13.8], '\nexamen': 15.0, 'moyenne': 14.6}, 'SVT': {'devoirs': [12.0, 9.0, 16.0, 11.0], '\nexamen': 12.0, 'moyenne': 12.0}, 'HG': {'devoirs': [11.0], '\nexamen': 13.0, 'moyenne': 12.33}}"
BMP019,89HY6F5,DIALLO,Ronald,09/05/2000,6emeA,"{'Math': {'devoirs': [10.0, 14.5], '\nexamen': 16.0, 'moyenne': 14.75}, 'PC': {'devoirs': [11.0], '\nexamen': 9.0, 'moyenne': 9.67}, 'Francais': {'devoirs': [4.0, 11.0], '\nexamen': 13.0, 'moyenne': 11.17}, 'SVT': {'devoirs': [12.0, 9.0, 16.0, 11.0], '\nexamen': 12.0, 'moyenne': 12.0}, 'HG': {'devoirs': [10.0], '\nexamen': 13.0, 'moyenne': 12.0}, 'Anglais': {'devoirs': [13.5], '\nexamen': 15.0, 'moyenne': 14.5}}"
BMP019,5D7BKJ2,FALL,Magui,30/08/2008,3emeB,"{'Math': {'devoirs': [10.0, 11.0], '\nexamen': 15.0, 'moyenne': 13.5}, 'Francais': {'devoirs': [7.0, 12.0, 8.0], '\nexamen': 13.0, 'moyenne': 11.67}, 'Anglais': {'devoirs': [13.5, 9.0], '\nexamen': 15.0, 'moyenne': 13.75}, 'PC': {'devoirs': [11.0], '\nexamen': 9.0, 'moyenne': 9.67}, 'SVT': {'devoirs': [12.0, 9.0, 16.0, 11.0], '\nexamen': 12.0, 'moyenne': 12.0}, 'HG': {'devoirs': [10.0], '\nexamen': 13.0, 'moyenne': 12.0}}"
BMP019,PK0I89K,CAMARA,Rachid,15/02/2001,6emeA,"{'PC': {'devoirs': [11.0], '\nexamen': 9.0, 'moyenne': 9.67}, 'Math': {'devoirs': [12.0, 14.5, 11.0], '\nexamen': 13.0, 'moyenne': 12.83}, 'Francais': {'devoirs': [14.0, 11.0], '\nexamen': 13.0, 'moyenne': 12.83}, 'Anglais': {'devoirs': [13.8], '\nexamen': 5.0, 'moyenne': 7.93}, 'SVT': {'devoirs': [12.0, 9.0, 16.0, 11.0], '\nexamen': 12.0, 'moyenne': 12.0}, 'HG': {'devoirs': [11.0], '\nexamen': 13.0, 'moyenne': 12.33}}"
BMP019,9F6J9TT,POUYE,Ousseynou,02/12/1985,4emeA,"{'Math': {'devoirs': [10.0, 14.5, 11.0, 15.0], '\nexamen': 17.0, 'moyenne': 15.54}, 'PC': {'devoirs': [11.0, 16.0], '\nexamen': 16.0, 'moyenne': 15.17}, 'Francais': {'devoirs': [16.0, 11.0], '\nexamen': 13.0, 'moyenne': 13.17}, 'SVT': {'devoirs': [12.0, 3.0, 17.0, 18.0], '\nexamen': 12.0, 'moyenne': 12.17}, 'HG': {'devoirs': [14.0, 12.0], '\nexamen': 11.0, 'moyenne': 11.67}, 'Anglais': {'devoirs': [13.5], '\nexamen': 15.0, 'moyenne': 14.5}}"
BMP019,6G6F9F1,DEME,Mahi,27/10/1993,3emeB,"{'PC': {'devoirs': [11.0, 11.0], '\nexamen': 9.0, 'moyenne': 9.67}, 'Math': {'devoirs': [14.15, 11.0], '\nexamen': 13.0, 'moyenne': 12.86}, 'Francais': {'devoirs': [14.0, 12.0], '\nexamen': 13.0, 'moyenne': 13.0}, 'Anglais': {'devoirs': [12.8], '\nexamen': 15.0, 'moyenne': 14.27}, 'SVT': {'devoirs': [10.0, 9.0, 16.0, 13.0], '\nexamen': 12.0, 'moyenne': 12.0}, 'HG': {'devoirs': [10.0], '\nexamen': 16.0, 'moyenne': 14.0}}"
BMP019,BH54JJ6,DUBOIS,Bachir,15/09/1994,5emeA,"{'Math': {'devoirs': [10.0, 15.0], '\nexamen': 15.0, 'moyenne': 14.17}, 'Francais': {'devoirs': [17.0, 9.0, 8.0], '\nexamen': 13.0, 'moyenne': 12.44}, 'Anglais': {'devoirs': [10.5, 9.0], '\nexamen': 15.0, 'moyenne': 13.25}, 'PC': {'devoirs': [10.0, 13.0], '\nexamen': 11.0, 'moyenne': 11.17}, 'SVT': {'devoirs': [12.0, 11.0, 16.0, 8.0], '\nexamen': 12.0, 'moyenne': 11.92}, 'HG': {'devoirs': [10.0], '\nexamen': 10.0, 'moyenne': 10.0}}"
